chr	pos	strand	ref	alt	Methylation_REF_Pred	Methylation_ALT_Pred	DELTA_Methylation
1	1265154	-	T	C	0.9290207	0.9290804	5.9723854e-05
1	1265460	-	T	A	0.81295377	0.8061511	-0.006802678
1	2957600	-	T	C	0.8036273	0.80478185	0.001154542
1	3691528	-	A	G	0.6882125	0.6875717	-0.00064080954
1	8021919	-	C	G	0.031157345	0.031398308	0.00024096295
1	8939842	-	G	A	0.35929787	0.35809883	-0.0011990368
1	10457540	-	T	C	0.87560517	0.87546813	-0.00013703108
1	11072117	-	C	T	0.09852361	0.08570111	-0.012822501
1	11072691	-	G	A	0.033072855	0.033235405	0.00016254932
1	11083408	-	G	A	0.89651	0.8945815	-0.0019285083
