chr	pos	strand	ref	alt	H3K9AC_REF_Pred	H3K9AC_ALT_Pred	DELTA_H3K9AC
1	1265154	-	T	C	18.415241	18.509096	0.093854904
1	1265460	-	T	A	17.707266	17.64615	-0.061115265
1	2957600	-	T	C	10.322433	10.464524	0.1420908
1	3691528	-	A	G	16.85876	16.950903	0.092142105
1	8021919	-	C	G	82.27526	82.20313	-0.072128296
1	8939842	-	G	A	42.205887	42.33795	0.13206482
1	10457540	-	T	C	13.674403	13.556186	-0.11821747
1	11072117	-	C	T	57.86567	56.590023	-1.2756462
1	11072691	-	G	A	37.507782	37.999027	0.49124527
1	11083408	-	G	A	16.937225	15.624798	-1.3124275
